benchmark_started_at,scenario,implementation,replicate,order_index,execution_order,layers,input_size,output_size,batch_size,steps,learning_rate,time_ns,time_s,loss
2026-10-05T17:45:56.063894+00:00,tiny,micrograd,1,1,micrograd>pytorch>C,3-4-4-1,3,1,4,5000,0.01,3248393037,3.248393037,1.3598606151329395e-29
2026-10-05T17:45:56.063894+00:00,tiny,pytorch,1,2,micrograd>pytorch>C,3-4-4-1,3,1,4,5000,0.01,465403112,0.465403112,2.5695001681924623e-12
2026-10-05T17:45:56.063894+00:00,tiny,C,1,3,micrograd>pytorch>C,3-4-4-1,3,1,4,5000,0.01,56746542,0.056746542,0.15712863989109152
2026-10-05T17:45:56.063894+00:00,tiny,pytorch,2,1,pytorch>micrograd>C,3-4-4-1,3,1,4,5000,0.01,485446068,0.485446068,1.4575007867279055e-12
2026-10-05T17:45:56.063894+00:00,tiny,micrograd,2,2,pytorch>micrograd>C,3-4-4-1,3,1,4,5000,0.01,3315060240,3.31506024,1.406699231380437e-29
2026-10-05T17:45:56.063894+00:00,tiny,C,2,3,pytorch>micrograd>C,3-4-4-1,3,1,4,5000,0.01,54410982,0.054410982,0.1565211047697975
2026-10-05T17:45:56.063894+00:00,tiny,C,3,1,C>pytorch>micrograd,3-4-4-1,3,1,4,5000,0.01,55351086,0.055351086,0.15655704443178878
2026-10-05T17:45:56.063894+00:00,tiny,pytorch,3,2,C>pytorch>micrograd,3-4-4-1,3,1,4,5000,0.01,503820392,0.503820392,1.1830536550405668e-12
2026-10-05T17:45:56.063894+00:00,tiny,micrograd,3,3,C>pytorch>micrograd,3-4-4-1,3,1,4,5000,0.01,3292962795,3.292962795,1.2572470676959876e-30
2026-10-05T17:45:56.063894+00:00,tiny,C,4,1,C>pytorch>micrograd,3-4-4-1,3,1,4,5000,0.01,54544956,0.054544956,0.15654756883486756
2026-10-05T17:45:56.063894+00:00,tiny,pytorch,4,2,C>pytorch>micrograd,3-4-4-1,3,1,4,5000,0.01,485890287,0.485890287,1.836752971939859e-12
2026-10-05T17:45:56.063894+00:00,tiny,micrograd,4,3,C>pytorch>micrograd,3-4-4-1,3,1,4,5000,0.01,3282566996,3.282566996,6.20892404899002e-16
2026-10-05T17:45:56.063894+00:00,tiny,micrograd,5,1,micrograd>C>pytorch,3-4-4-1,3,1,4,5000,0.01,3205779104,3.205779104,1.0970358229028659e-19
2026-10-05T17:45:56.063894+00:00,tiny,C,5,2,micrograd>C>pytorch,3-4-4-1,3,1,4,5000,0.01,54908595,0.054908595,0.15673150279761067
2026-10-05T17:45:56.063894+00:00,tiny,pytorch,5,3,micrograd>C>pytorch,3-4-4-1,3,1,4,5000,0.01,487605722,0.487605722,2.686739719592879e-12
2026-10-05T17:45:56.063894+00:00,tiny,micrograd,6,1,micrograd>C>pytorch,3-4-4-1,3,1,4,5000,0.01,3280609995,3.280609995,1.5053068445330635e-29
2026-10-05T17:45:56.063894+00:00,tiny,C,6,2,micrograd>C>pytorch,3-4-4-1,3,1,4,5000,0.01,55103240,0.05510324,0.15660010104926758
2026-10-05T17:45:56.063894+00:00,tiny,pytorch,6,3,micrograd>C>pytorch,3-4-4-1,3,1,4,5000,0.01,492661261,0.492661261,5.418776538590464e-12
2026-10-05T17:45:56.063894+00:00,tiny,micrograd,7,1,micrograd>C>pytorch,3-4-4-1,3,1,4,5000,0.01,3275246721,3.275246721,0.035639868664684674
2026-10-05T17:45:56.063894+00:00,tiny,C,7,2,micrograd>C>pytorch,3-4-4-1,3,1,4,5000,0.01,55084239,0.055084239,0.15657650660081013
2026-10-05T17:45:56.063894+00:00,tiny,pytorch,7,3,micrograd>C>pytorch,3-4-4-1,3,1,4,5000,0.01,469776744,0.469776744,1.1972645097557688e-12
2026-10-05T17:45:56.063894+00:00,tiny,micrograd,8,1,micrograd>C>pytorch,3-4-4-1,3,1,4,5000,0.01,3214156275,3.214156275,1.8026704279464528e-30
2026-10-05T17:45:56.063894+00:00,tiny,C,8,2,micrograd>C>pytorch,3-4-4-1,3,1,4,5000,0.01,55303404,0.055303404,0.15669516901639327
2026-10-05T17:45:56.063894+00:00,tiny,pytorch,8,3,micrograd>C>pytorch,3-4-4-1,3,1,4,5000,0.01,487748407,0.487748407,8.251177519014163e-13
2026-10-05T17:45:56.063894+00:00,tiny,micrograd,9,1,micrograd>C>pytorch,3-4-4-1,3,1,4,5000,0.01,3334524581,3.334524581,6.521969163672935e-29
2026-10-05T17:45:56.063894+00:00,tiny,C,9,2,micrograd>C>pytorch,3-4-4-1,3,1,4,5000,0.01,54751447,0.054751447,0.1566612823257098
2026-10-05T17:45:56.063894+00:00,tiny,pytorch,9,3,micrograd>C>pytorch,3-4-4-1,3,1,4,5000,0.01,469317419,0.469317419,7.410960733977845e-12
2026-10-05T17:45:56.063894+00:00,tiny,C,10,1,C>pytorch>micrograd,3-4-4-1,3,1,4,5000,0.01,54843648,0.054843648,0.1566617334597153
2026-10-05T17:45:56.063894+00:00,tiny,pytorch,10,2,C>pytorch>micrograd,3-4-4-1,3,1,4,5000,0.01,477422327,0.477422327,3.596234421365807e-12
2026-10-05T17:45:56.063894+00:00,tiny,micrograd,10,3,C>pytorch>micrograd,3-4-4-1,3,1,4,5000,0.01,3322689119,3.322689119,4.526705741287759e-30
2026-10-05T17:45:56.063894+00:00,tiny,pytorch,11,1,pytorch>C>micrograd,3-4-4-1,3,1,4,5000,0.01,484182168,0.484182168,6.203926261605375e-12
2026-10-05T17:45:56.063894+00:00,tiny,C,11,2,pytorch>C>micrograd,3-4-4-1,3,1,4,5000,0.01,55829759,0.055829759,0.15667548167021972
2026-10-05T17:45:56.063894+00:00,tiny,micrograd,11,3,pytorch>C>micrograd,3-4-4-1,3,1,4,5000,0.01,3262299444,3.262299444,1.3096323621833204e-30
2026-10-05T17:45:56.063894+00:00,tiny,micrograd,12,1,micrograd>pytorch>C,3-4-4-1,3,1,4,5000,0.01,3248563788,3.248563788,1.286070660904992e-18
2026-10-05T17:45:56.063894+00:00,tiny,pytorch,12,2,micrograd>pytorch>C,3-4-4-1,3,1,4,5000,0.01,482292079,0.482292079,6.714628852932947e-13
2026-10-05T17:45:56.063894+00:00,tiny,C,12,3,micrograd>pytorch>C,3-4-4-1,3,1,4,5000,0.01,54666787,0.054666787,0.15695562311556452
2026-10-05T17:45:56.063894+00:00,tiny,micrograd,13,1,micrograd>pytorch>C,3-4-4-1,3,1,4,5000,0.01,3247198923,3.247198923,1.0663051552507575e-20
2026-10-05T17:45:56.063894+00:00,tiny,pytorch,13,2,micrograd>pytorch>C,3-4-4-1,3,1,4,5000,0.01,475583791,0.475583791,1.0932588168088841e-11
2026-10-05T17:45:56.063894+00:00,tiny,C,13,3,micrograd>pytorch>C,3-4-4-1,3,1,4,5000,0.01,54417031,0.054417031,0.1563740196524995
2026-10-05T17:45:56.063894+00:00,tiny,micrograd,14,1,micrograd>pytorch>C,3-4-4-1,3,1,4,5000,0.01,3298827486,3.298827486,6.78235489215409e-30
2026-10-05T17:45:56.063894+00:00,tiny,pytorch,14,2,micrograd>pytorch>C,3-4-4-1,3,1,4,5000,0.01,480754167,0.480754167,3.197442310920451e-14
2026-10-05T17:45:56.063894+00:00,tiny,C,14,3,micrograd>pytorch>C,3-4-4-1,3,1,4,5000,0.01,54853114,0.054853114,0.1566729002994469
2026-10-05T17:45:56.063894+00:00,tiny,C,15,1,C>pytorch>micrograd,3-4-4-1,3,1,4,5000,0.01,53925700,0.0539257,0.15664978431174867
2026-10-05T17:45:56.063894+00:00,tiny,pytorch,15,2,C>pytorch>micrograd,3-4-4-1,3,1,4,5000,0.01,475777783,0.475777783,1.1084466677857563e-12
2026-10-05T17:45:56.063894+00:00,tiny,micrograd,15,3,C>pytorch>micrograd,3-4-4-1,3,1,4,5000,0.01,3265633535,3.265633535,4.723920967593012e-30
2026-10-05T17:45:56.063894+00:00,tiny,C,16,1,C>pytorch>micrograd,3-4-4-1,3,1,4,5000,0.01,54741231,0.054741231,0.15656309838558005
2026-10-05T17:45:56.063894+00:00,tiny,pytorch,16,2,C>pytorch>micrograd,3-4-4-1,3,1,4,5000,0.01,476206473,0.476206473,6.430411758628907e-13
2026-10-05T17:45:56.063894+00:00,tiny,micrograd,16,3,C>pytorch>micrograd,3-4-4-1,3,1,4,5000,0.01,3232517543,3.232517543,0.035639868664684674
2026-10-05T17:45:56.063894+00:00,tiny,micrograd,17,1,micrograd>pytorch>C,3-4-4-1,3,1,4,5000,0.01,3257371833,3.257371833,4.421445092231095e-15
2026-10-05T17:45:56.063894+00:00,tiny,pytorch,17,2,micrograd>pytorch>C,3-4-4-1,3,1,4,5000,0.01,498273807,0.498273807,1.9904078385479806e-12
2026-10-05T17:45:56.063894+00:00,tiny,C,17,3,micrograd>pytorch>C,3-4-4-1,3,1,4,5000,0.01,54867910,0.05486791,0.1566748256714307
2026-10-05T17:45:56.063894+00:00,tiny,micrograd,18,1,micrograd>C>pytorch,3-4-4-1,3,1,4,5000,0.01,3299784142,3.299784142,4.9611955367415196e-31
2026-10-05T17:45:56.063894+00:00,tiny,C,18,2,micrograd>C>pytorch,3-4-4-1,3,1,4,5000,0.01,54117450,0.05411745,0.15658445000775545
2026-10-05T17:45:56.063894+00:00,tiny,pytorch,18,3,micrograd>C>pytorch,3-4-4-1,3,1,4,5000,0.01,473187213,0.473187213,1.7195134205394424e-12
2026-10-05T17:45:56.063894+00:00,tiny,C,19,1,C>pytorch>micrograd,3-4-4-1,3,1,4,5000,0.01,55547956,0.055547956,0.1565870580432382
2026-10-05T17:45:56.063894+00:00,tiny,pytorch,19,2,C>pytorch>micrograd,3-4-4-1,3,1,4,5000,0.01,474359941,0.474359941,1.8620660569013125e-11
2026-10-05T17:45:56.063894+00:00,tiny,micrograd,19,3,C>pytorch>micrograd,3-4-4-1,3,1,4,5000,0.01,3246577937,3.246577937,0.1705943117138308
2026-10-05T17:45:56.063894+00:00,tiny,C,20,1,C>micrograd>pytorch,3-4-4-1,3,1,4,5000,0.01,54674234,0.054674234,0.15655076571997198
2026-10-05T17:45:56.063894+00:00,tiny,micrograd,20,2,C>micrograd>pytorch,3-4-4-1,3,1,4,5000,0.01,3257175892,3.257175892,1.283439714939654e-29
2026-10-05T17:45:56.063894+00:00,tiny,pytorch,20,3,C>micrograd>pytorch,3-4-4-1,3,1,4,5000,0.01,467117582,0.467117582,7.02016222930979e-12
2026-10-05T17:45:56.063894+00:00,tiny,micrograd,21,1,micrograd>C>pytorch,3-4-4-1,3,1,4,5000,0.01,3341434893,3.341434893,1.4298103907130839e-30
2026-10-05T17:45:56.063894+00:00,tiny,C,21,2,micrograd>C>pytorch,3-4-4-1,3,1,4,5000,0.01,56519677,0.056519677,0.15669479490911328
2026-10-05T17:45:56.063894+00:00,tiny,pytorch,21,3,micrograd>C>pytorch,3-4-4-1,3,1,4,5000,0.01,466103107,0.466103107,3.780087354243733e-12
2026-10-05T17:45:56.063894+00:00,tiny,C,22,1,C>micrograd>pytorch,3-4-4-1,3,1,4,5000,0.01,55734038,0.055734038,0.15675990722360544
2026-10-05T17:45:56.063894+00:00,tiny,micrograd,22,2,C>micrograd>pytorch,3-4-4-1,3,1,4,5000,0.01,3323655775,3.323655775,3.7212512096374866
2026-10-05T17:45:56.063894+00:00,tiny,pytorch,22,3,C>micrograd>pytorch,3-4-4-1,3,1,4,5000,0.01,475516833,0.475516833,1.6351364706679306e-12
2026-10-05T17:45:56.063894+00:00,tiny,micrograd,23,1,micrograd>pytorch>C,3-4-4-1,3,1,4,5000,0.01,3223783337,3.223783337,4.230574753038778e-29
2026-10-05T17:45:56.063894+00:00,tiny,pytorch,23,2,micrograd>pytorch>C,3-4-4-1,3,1,4,5000,0.01,469842947,0.469842947,3.574918139293004e-12
2026-10-05T17:45:56.063894+00:00,tiny,C,23,3,micrograd>pytorch>C,3-4-4-1,3,1,4,5000,0.01,58146572,0.058146572,0.1565986409894617
2026-10-05T17:45:56.063894+00:00,tiny,pytorch,24,1,pytorch>micrograd>C,3-4-4-1,3,1,4,5000,0.01,471746131,0.471746131,1.9690915564751776e-12
2026-10-05T17:45:56.063894+00:00,tiny,micrograd,24,2,pytorch>micrograd>C,3-4-4-1,3,1,4,5000,0.01,3269587150,3.26958715,0.035639868664684674
2026-10-05T17:45:56.063894+00:00,tiny,C,24,3,pytorch>micrograd>C,3-4-4-1,3,1,4,5000,0.01,54148704,0.054148704,0.15685684793520863
2026-10-05T17:45:56.063894+00:00,tiny,pytorch,25,1,pytorch>micrograd>C,3-4-4-1,3,1,4,5000,0.01,471250965,0.471250965,8.682832230988424e-12
2026-10-05T17:45:56.063894+00:00,tiny,micrograd,25,2,pytorch>micrograd>C,3-4-4-1,3,1,4,5000,0.01,3301632898,3.301632898,5.593516856082737e-29
2026-10-05T17:45:56.063894+00:00,tiny,C,25,3,pytorch>micrograd>C,3-4-4-1,3,1,4,5000,0.01,55452608,0.055452608,0.1566425900559915
2026-10-05T17:45:56.063894+00:00,tiny,C,26,1,C>micrograd>pytorch,3-4-4-1,3,1,4,5000,0.01,54695249,0.054695249,0.15619644341883823
2026-10-05T17:45:56.063894+00:00,tiny,micrograd,26,2,C>micrograd>pytorch,3-4-4-1,3,1,4,5000,0.01,3296556909,3.296556909,1.9724604118436315e-29
2026-10-05T17:45:56.063894+00:00,tiny,pytorch,26,3,C>micrograd>pytorch,3-4-4-1,3,1,4,5000,0.01,481502284,0.481502284,7.240430477395421e-12
2026-10-05T17:45:56.063894+00:00,tiny,C,27,1,C>micrograd>pytorch,3-4-4-1,3,1,4,5000,0.01,54974719,0.054974719,0.15673533312979204
2026-10-05T17:45:56.063894+00:00,tiny,micrograd,27,2,C>micrograd>pytorch,3-4-4-1,3,1,4,5000,0.01,3237138490,3.23713849,1.509929076399593e-31
2026-10-05T17:45:56.063894+00:00,tiny,pytorch,27,3,C>micrograd>pytorch,3-4-4-1,3,1,4,5000,0.01,484415918,0.484415918,2.8110846983508964e-12
2026-10-05T17:45:56.063894+00:00,tiny,pytorch,28,1,pytorch>micrograd>C,3-4-4-1,3,1,4,5000,0.01,484301506,0.484301506,2.6916247009012295e-11
2026-10-05T17:45:56.063894+00:00,tiny,micrograd,28,2,pytorch>micrograd>C,3-4-4-1,3,1,4,5000,0.01,3283357552,3.283357552,3.127402080893769e-29
2026-10-05T17:45:56.063894+00:00,tiny,C,28,3,pytorch>micrograd>C,3-4-4-1,3,1,4,5000,0.01,54438225,0.054438225,0.15657109208247774
2026-10-05T17:45:56.063894+00:00,tiny,pytorch,29,1,pytorch>C>micrograd,3-4-4-1,3,1,4,5000,0.01,479216833,0.479216833,4.420463994847523e-12
2026-10-05T17:45:56.063894+00:00,tiny,C,29,2,pytorch>C>micrograd,3-4-4-1,3,1,4,5000,0.01,53623624,0.053623624,0.15653487289554663
2026-10-05T17:45:56.063894+00:00,tiny,micrograd,29,3,pytorch>C>micrograd,3-4-4-1,3,1,4,5000,0.01,3268015267,3.268015267,6.683747279001463e-30
2026-10-05T17:45:56.063894+00:00,tiny,C,30,1,C>pytorch>micrograd,3-4-4-1,3,1,4,5000,0.01,54248050,0.05424805,0.15636432276994153
2026-10-05T17:45:56.063894+00:00,tiny,pytorch,30,2,C>pytorch>micrograd,3-4-4-1,3,1,4,5000,0.01,484813294,0.484813294,6.94910795573378e-12
2026-10-05T17:45:56.063894+00:00,tiny,micrograd,30,3,C>pytorch>micrograd,3-4-4-1,3,1,4,5000,0.01,3270484719,3.270484719,1.0782742498239705e-28
2026-10-05T17:45:56.063894+00:00,small,C,1,1,C>pytorch,8-16-16-1,8,1,32,2000,0.01,1632438409,1.632438409,6.4390419474057765
2026-10-05T17:45:56.063894+00:00,small,pytorch,1,2,C>pytorch,8-16-16-1,8,1,32,2000,0.01,202698598,0.202698598,0.016737665981054306
2026-10-05T17:45:56.063894+00:00,small,pytorch,2,1,pytorch>C,8-16-16-1,8,1,32,2000,0.01,198098571,0.198098571,0.010532384738326073
2026-10-05T17:45:56.063894+00:00,small,C,2,2,pytorch>C,8-16-16-1,8,1,32,2000,0.01,1628025799,1.628025799,6.440740728086252
2026-10-05T17:45:56.063894+00:00,small,pytorch,3,1,pytorch>C,8-16-16-1,8,1,32,2000,0.01,200868011,0.200868011,0.015115172602236271
2026-10-05T17:45:56.063894+00:00,small,C,3,2,pytorch>C,8-16-16-1,8,1,32,2000,0.01,1627399643,1.627399643,6.414629797929617
2026-10-05T17:45:56.063894+00:00,small,pytorch,4,1,pytorch>C,8-16-16-1,8,1,32,2000,0.01,198580545,0.198580545,0.028060439974069595
2026-10-05T17:45:56.063894+00:00,small,C,4,2,pytorch>C,8-16-16-1,8,1,32,2000,0.01,1624320224,1.624320224,6.4127778490444225
2026-10-05T17:45:56.063894+00:00,small,C,5,1,C>pytorch,8-16-16-1,8,1,32,2000,0.01,1632941319,1.632941319,6.423265631271875
2026-10-05T17:45:56.063894+00:00,small,pytorch,5,2,C>pytorch,8-16-16-1,8,1,32,2000,0.01,205185496,0.205185496,0.013288360089063644
2026-10-05T17:45:56.063894+00:00,small,C,6,1,C>pytorch,8-16-16-1,8,1,32,2000,0.01,1634757525,1.634757525,6.420224632062562
2026-10-05T17:45:56.063894+00:00,small,pytorch,6,2,C>pytorch,8-16-16-1,8,1,32,2000,0.01,202795675,0.202795675,0.020560983568429947
2026-10-05T17:45:56.063894+00:00,small,C,7,1,C>pytorch,8-16-16-1,8,1,32,2000,0.01,1640774247,1.640774247,6.417732425277069
2026-10-05T17:45:56.063894+00:00,small,pytorch,7,2,C>pytorch,8-16-16-1,8,1,32,2000,0.01,201720678,0.201720678,0.026009347289800644
2026-10-05T17:45:56.063894+00:00,small,C,8,1,C>pytorch,8-16-16-1,8,1,32,2000,0.01,1635202191,1.635202191,6.423302373748164
2026-10-05T17:45:56.063894+00:00,small,pytorch,8,2,C>pytorch,8-16-16-1,8,1,32,2000,0.01,198194413,0.198194413,0.018854711204767227
2026-10-05T17:45:56.063894+00:00,small,C,9,1,C>pytorch,8-16-16-1,8,1,32,2000,0.01,1637773684,1.637773684,6.46149921214973
2026-10-05T17:45:56.063894+00:00,small,pytorch,9,2,C>pytorch,8-16-16-1,8,1,32,2000,0.01,201745573,0.201745573,0.020078744739294052
2026-10-05T17:45:56.063894+00:00,small,pytorch,10,1,pytorch>C,8-16-16-1,8,1,32,2000,0.01,202753598,0.202753598,0.0246207807213068
2026-10-05T17:45:56.063894+00:00,small,C,10,2,pytorch>C,8-16-16-1,8,1,32,2000,0.01,1631763271,1.631763271,6.417467800376164
2026-10-05T17:45:56.063894+00:00,small,pytorch,11,1,pytorch>C,8-16-16-1,8,1,32,2000,0.01,203947018,0.203947018,0.013937805779278278
2026-10-05T17:45:56.063894+00:00,small,C,11,2,pytorch>C,8-16-16-1,8,1,32,2000,0.01,1630957812,1.630957812,6.426115409605156
2026-10-05T17:45:56.063894+00:00,small,pytorch,12,1,pytorch>C,8-16-16-1,8,1,32,2000,0.01,204504952,0.204504952,0.017758438363671303
2026-10-05T17:45:56.063894+00:00,small,C,12,2,pytorch>C,8-16-16-1,8,1,32,2000,0.01,1636373426,1.636373426,6.415820456912635
2026-10-05T17:45:56.063894+00:00,small,C,13,1,C>pytorch,8-16-16-1,8,1,32,2000,0.01,1634673007,1.634673007,6.426548976981439
2026-10-05T17:45:56.063894+00:00,small,pytorch,13,2,C>pytorch,8-16-16-1,8,1,32,2000,0.01,203694088,0.203694088,0.016706090420484543
2026-10-05T17:45:56.063894+00:00,small,C,14,1,C>pytorch,8-16-16-1,8,1,32,2000,0.01,1639525079,1.639525079,6.407572571558326
2026-10-05T17:45:56.063894+00:00,small,pytorch,14,2,C>pytorch,8-16-16-1,8,1,32,2000,0.01,201375298,0.201375298,0.014224838465452194
2026-10-05T17:45:56.063894+00:00,small,pytorch,15,1,pytorch>C,8-16-16-1,8,1,32,2000,0.01,211306879,0.211306879,0.014195471070706844
2026-10-05T17:45:56.063894+00:00,small,C,15,2,pytorch>C,8-16-16-1,8,1,32,2000,0.01,1637651663,1.637651663,6.441190568539307
2026-10-05T17:45:56.063894+00:00,small,C,16,1,C>pytorch,8-16-16-1,8,1,32,2000,0.01,1631665721,1.631665721,6.418733905666205
2026-10-05T17:45:56.063894+00:00,small,pytorch,16,2,C>pytorch,8-16-16-1,8,1,32,2000,0.01,204342563,0.204342563,0.03878509998321533
2026-10-05T17:45:56.063894+00:00,small,pytorch,17,1,pytorch>C,8-16-16-1,8,1,32,2000,0.01,195035978,0.195035978,0.011058748699724674
2026-10-05T17:45:56.063894+00:00,small,C,17,2,pytorch>C,8-16-16-1,8,1,32,2000,0.01,1634646403,1.634646403,6.430237680767912
2026-10-05T17:45:56.063894+00:00,small,C,18,1,C>pytorch,8-16-16-1,8,1,32,2000,0.01,1635461724,1.635461724,6.448909124853454
2026-10-05T17:45:56.063894+00:00,small,pytorch,18,2,C>pytorch,8-16-16-1,8,1,32,2000,0.01,208586022,0.208586022,0.02987082675099373
2026-10-05T17:45:56.063894+00:00,small,pytorch,19,1,pytorch>C,8-16-16-1,8,1,32,2000,0.01,204839547,0.204839547,0.01589234359562397
2026-10-05T17:45:56.063894+00:00,small,C,19,2,pytorch>C,8-16-16-1,8,1,32,2000,0.01,1636252275,1.636252275,6.425339849753212
2026-10-05T17:45:56.063894+00:00,small,pytorch,20,1,pytorch>C,8-16-16-1,8,1,32,2000,0.01,201803060,0.20180306,0.01616852730512619
2026-10-05T17:45:56.063894+00:00,small,C,20,2,pytorch>C,8-16-16-1,8,1,32,2000,0.01,1635818343,1.635818343,6.4162515076147475
2026-10-05T17:45:56.063894+00:00,medium,C,1,1,C>pytorch,32-64-64-1,32,1,128,1000,0.01,47839272544,47.839272544,184.7066684847886
2026-10-05T17:45:56.063894+00:00,medium,pytorch,1,2,C>pytorch,32-64-64-1,32,1,128,1000,0.01,190756936,0.190756936,nan
2026-10-05T17:45:56.063894+00:00,medium,pytorch,2,1,pytorch>C,32-64-64-1,32,1,128,1000,0.01,191763451,0.191763451,nan
2026-10-05T17:45:56.063894+00:00,medium,C,2,2,pytorch>C,32-64-64-1,32,1,128,1000,0.01,47861452728,47.861452728,184.61888454677026
2026-10-05T17:45:56.063894+00:00,medium,pytorch,3,1,pytorch>C,32-64-64-1,32,1,128,1000,0.01,184478438,0.184478438,nan
2026-10-05T17:45:56.063894+00:00,medium,C,3,2,pytorch>C,32-64-64-1,32,1,128,1000,0.01,47801693263,47.801693263,186.01610299424496
2026-10-05T17:45:56.063894+00:00,medium,C,4,1,C>pytorch,32-64-64-1,32,1,128,1000,0.01,47716829241,47.716829241,191.94913506663636
2026-10-05T17:45:56.063894+00:00,medium,pytorch,4,2,C>pytorch,32-64-64-1,32,1,128,1000,0.01,179704971,0.179704971,nan
2026-10-05T17:45:56.063894+00:00,medium,C,5,1,C>pytorch,32-64-64-1,32,1,128,1000,0.01,47613478342,47.613478342,183.39065485201516
2026-10-05T17:45:56.063894+00:00,medium,pytorch,5,2,C>pytorch,32-64-64-1,32,1,128,1000,0.01,185006283,0.185006283,nan
2026-10-05T17:45:56.063894+00:00,medium,C,6,1,C>pytorch,32-64-64-1,32,1,128,1000,0.01,47648934898,47.648934898,189.20167145732577
2026-10-05T17:45:56.063894+00:00,medium,pytorch,6,2,C>pytorch,32-64-64-1,32,1,128,1000,0.01,181847324,0.181847324,nan
2026-10-05T17:45:56.063894+00:00,medium,C,7,1,C>pytorch,32-64-64-1,32,1,128,1000,0.01,47707070405,47.707070405,191.4499691330688
2026-10-05T17:45:56.063894+00:00,medium,pytorch,7,2,C>pytorch,32-64-64-1,32,1,128,1000,0.01,195105703,0.195105703,nan
2026-10-05T17:45:56.063894+00:00,medium,pytorch,8,1,pytorch>C,32-64-64-1,32,1,128,1000,0.01,187155483,0.187155483,nan
2026-10-05T17:45:56.063894+00:00,medium,C,8,2,pytorch>C,32-64-64-1,32,1,128,1000,0.01,47777925005,47.777925005,182.77425190678994
2026-10-05T17:45:56.063894+00:00,medium,pytorch,9,1,pytorch>C,32-64-64-1,32,1,128,1000,0.01,187735148,0.187735148,nan
2026-10-05T17:45:56.063894+00:00,medium,C,9,2,pytorch>C,32-64-64-1,32,1,128,1000,0.01,47757940862,47.757940862,182.50220175038518
2026-10-05T17:45:56.063894+00:00,medium,C,10,1,C>pytorch,32-64-64-1,32,1,128,1000,0.01,47614214806,47.614214806,183.36722128668805
2026-10-05T17:45:56.063894+00:00,medium,pytorch,10,2,C>pytorch,32-64-64-1,32,1,128,1000,0.01,183835885,0.183835885,nan
2026-10-05T17:45:56.063894+00:00,large,pytorch,1,1,pytorch>C,64-128-128-1,64,1,512,250,0.01,264996998,0.264996998,nan
2026-10-05T17:45:56.063894+00:00,large,C,1,2,pytorch>C,64-128-128-1,64,1,512,250,0.01,318286671956,318.286671956,2179.197564600292
2026-10-05T17:45:56.063894+00:00,large,C,2,1,C>pytorch,64-128-128-1,64,1,512,250,0.01,318453238781,318.453238781,2161.99453931132
2026-10-05T17:45:56.063894+00:00,large,pytorch,2,2,C>pytorch,64-128-128-1,64,1,512,250,0.01,262481276,0.262481276,nan
2026-10-05T17:45:56.063894+00:00,large,C,3,1,C>pytorch,64-128-128-1,64,1,512,250,0.01,319291508799,319.291508799,2158.3209200787305
2026-10-05T17:45:56.063894+00:00,large,pytorch,3,2,C>pytorch,64-128-128-1,64,1,512,250,0.01,263364536,0.263364536,nan
2026-10-05T17:45:56.063894+00:00,large,C,4,1,C>pytorch,64-128-128-1,64,1,512,250,0.01,317763631543,317.763631543,2170.9420773478664
2026-10-05T17:45:56.063894+00:00,large,pytorch,4,2,C>pytorch,64-128-128-1,64,1,512,250,0.01,262260609,0.262260609,nan
2026-10-05T17:45:56.063894+00:00,large,pytorch,5,1,pytorch>C,64-128-128-1,64,1,512,250,0.01,259760066,0.259760066,nan
2026-10-05T17:45:56.063894+00:00,large,C,5,2,pytorch>C,64-128-128-1,64,1,512,250,0.01,316973867126,316.973867126,2157.3514459247417
2026-10-05T17:45:56.063894+00:00,deep,pytorch,1,1,pytorch>C,32-64-64-64-64-32-1,32,1,128,1000,0.01,391927618,0.391927618,nan
2026-10-05T17:45:56.063894+00:00,deep,C,1,2,pytorch>C,32-64-64-64-64-32-1,32,1,128,1000,0.01,211135730195,211.135730195,193.25212894180393
2026-10-05T17:45:56.063894+00:00,deep,C,2,1,C>pytorch,32-64-64-64-64-32-1,32,1,128,1000,0.01,211136957977,211.136957977,182.29876948293537
2026-10-05T17:45:56.063894+00:00,deep,pytorch,2,2,C>pytorch,32-64-64-64-64-32-1,32,1,128,1000,0.01,389559576,0.389559576,nan
2026-10-05T17:45:56.063894+00:00,deep,C,3,1,C>pytorch,32-64-64-64-64-32-1,32,1,128,1000,0.01,210944445039,210.944445039,182.00781916043798
2026-10-05T17:45:56.063894+00:00,deep,pytorch,3,2,C>pytorch,32-64-64-64-64-32-1,32,1,128,1000,0.01,394122751,0.394122751,nan
2026-10-05T17:45:56.063894+00:00,deep,pytorch,4,1,pytorch>C,32-64-64-64-64-32-1,32,1,128,1000,0.01,399424535,0.399424535,nan
2026-10-05T17:45:56.063894+00:00,deep,C,4,2,pytorch>C,32-64-64-64-64-32-1,32,1,128,1000,0.01,210972788953,210.972788953,184.15360829005098
2026-10-05T17:45:56.063894+00:00,deep,C,5,1,C>pytorch,32-64-64-64-64-32-1,32,1,128,1000,0.01,211011742441,211.011742441,186.89247248153274
2026-10-05T17:45:56.063894+00:00,deep,pytorch,5,2,C>pytorch,32-64-64-64-64-32-1,32,1,128,1000,0.01,388341506,0.388341506,nan
2026-10-05T17:45:56.063894+00:00,deep,C,6,1,C>pytorch,32-64-64-64-64-32-1,32,1,128,1000,0.01,211570296817,211.570296817,184.66449432636708
2026-10-05T17:45:56.063894+00:00,deep,pytorch,6,2,C>pytorch,32-64-64-64-64-32-1,32,1,128,1000,0.01,391809236,0.391809236,nan
2026-10-05T17:45:56.063894+00:00,deep,pytorch,7,1,pytorch>C,32-64-64-64-64-32-1,32,1,128,1000,0.01,398311000,0.398311,nan
2026-10-05T17:45:56.063894+00:00,deep,C,7,2,pytorch>C,32-64-64-64-64-32-1,32,1,128,1000,0.01,213440517199,213.440517199,184.86839524763616
2026-10-05T17:45:56.063894+00:00,deep,pytorch,8,1,pytorch>C,32-64-64-64-64-32-1,32,1,128,1000,0.01,406834635,0.406834635,nan
2026-10-05T17:45:56.063894+00:00,deep,C,8,2,pytorch>C,32-64-64-64-64-32-1,32,1,128,1000,0.01,218128485921,218.128485921,184.17470421152424
2026-10-05T17:45:56.063894+00:00,deep,C,9,1,C>pytorch,32-64-64-64-64-32-1,32,1,128,1000,0.01,212240306214,212.240306214,182.88473089561614
2026-10-05T17:45:56.063894+00:00,deep,pytorch,9,2,C>pytorch,32-64-64-64-64-32-1,32,1,128,1000,0.01,403258481,0.403258481,nan
2026-10-05T17:45:56.063894+00:00,deep,pytorch,10,1,pytorch>C,32-64-64-64-64-32-1,32,1,128,1000,0.01,401085516,0.401085516,nan
2026-10-05T17:45:56.063894+00:00,deep,C,10,2,pytorch>C,32-64-64-64-64-32-1,32,1,128,1000,0.01,212903902843,212.903902843,182.62129155661566
