benchmark_started_at,scenario,implementation,replicate,order_index,execution_order,input_size,hidden_size,output_size,layers,parameter_count,dataset_size,batch_size,batch_coverage,steps,learning_rate,time_ns,time_s,time_per_step_ns,loss,loss_is_finite,run_seed
2026-10-05T19:46:35.343037+00:00,parity_4,pytorch,1,1,pytorch>C,4,2,1,4-2-1,13,16,16,1.0,10000,0.01,731797961,0.731797961,73179.7961,4.30547571182251,True,2241531742
2026-10-05T19:46:35.343037+00:00,parity_4,C,1,2,pytorch>C,4,2,1,4-2-1,13,16,16,1.0,10000,0.01,157570893,0.157570893,15757.0893,6.406664115696378,True,392979550
2026-10-05T19:46:35.343037+00:00,parity_4,C,2,1,C>pytorch,4,2,1,4-2-1,13,16,16,1.0,10000,0.01,156749042,0.156749042,15674.9042,6.406643166875335,True,2301310478
2026-10-05T19:46:35.343037+00:00,parity_4,pytorch,2,2,C>pytorch,4,2,1,4-2-1,13,16,16,1.0,10000,0.01,740065139,0.740065139,74006.5139,6.405000686645508,True,1630822348
2026-10-05T19:46:35.343037+00:00,parity_4,pytorch,3,1,pytorch>C,4,2,1,4-2-1,13,16,16,1.0,10000,0.01,765967002,0.765967002,76596.7002,4.309662818908691,True,3824971261
2026-10-05T19:46:35.343037+00:00,parity_4,C,3,2,pytorch>C,4,2,1,4-2-1,13,16,16,1.0,10000,0.01,161350608,0.161350608,16135.0608,6.40666785237517,True,1575691572
2026-10-05T19:46:35.343037+00:00,parity_4,C,4,1,C>pytorch,4,2,1,4-2-1,13,16,16,1.0,10000,0.01,157746787,0.157746787,15774.6787,3.439313655664292,True,1260453739
2026-10-05T19:46:35.343037+00:00,parity_4,pytorch,4,2,C>pytorch,4,2,1,4-2-1,13,16,16,1.0,10000,0.01,755973080,0.75597308,75597.308,6.404939651489258,True,1176383221
2026-10-05T19:46:35.343037+00:00,parity_4,pytorch,5,1,pytorch>C,4,2,1,4-2-1,13,16,16,1.0,10000,0.01,749404264,0.749404264,74940.4264,4.478734016418457,True,3261304722
2026-10-05T19:46:35.343037+00:00,parity_4,C,5,2,pytorch>C,4,2,1,4-2-1,13,16,16,1.0,10000,0.01,159961552,0.159961552,15996.1552,3.4476320259218833,True,4162873238
